글번호,등록일자,등록시간,등록자이름,이메일,비밀번호,글내용,
1,2021-05-17,10:10:57,갈한수,Kor001@naver.com,1234,의무교육은 무상으로 한다. 행정각부의 설치·조직과 직무범위는 법률로 정한다. 형사피고인은 유죄의 판결이 확정될 때까지는 무죄로 추정된다. 누구든지 체포 또는 구속의 이유와 변호인의 조력을 받을 권리가 있음을 고지받지 아니하고는 체포 또는 구속을 당하지 아니한다. 체포 또는 구속을 당한 자의 가족등 법률이 정하는 자에게는 그 이유와 일시·장소가 지체없이 통지되어야 한다.,
2,2021-05-19,10:10:27,강이찬,Kor002@naver.com,1234,대통령은 전시·사변 또는 이에 준하는 국가비상사태에 있어서 병력으로써 군사상의 필요에 응하거나 공공의 안녕질서를 유지할 필요가 있을 때에는 법률이 정하는 바에 의하여 계엄을 선포할 수 있다. 이 헌법시행 당시의 법령과 조약은 이 헌법에 위배되지 아니하는 한 그 효력을 지속한다. 한 회계연도를 넘어 계속하여 지출할 필요가 있을 때에는 정부는 연한을 정하여 계속비로서 국회의 의결을 얻어야 한다.,
3,2021-05-09,10:10:47,개원훈,Kor003@naver.com,1234,"법관이 중대한 심신상의 장해로 직무를 수행할 수 없을 때에는 법률이 정하는 바에 의하여 퇴직하게 할 수 있다. 대통령은 국민의 보통·평등·직접·비밀선거에 의하여 선출한다. 선거운동은 각급 선거관리위원회의 관리하에 법률이 정하는 범위안에서 하되, 균등한 기회가 보장되어야 한다. 국가안전보장회의의 조직·직무범위 기타 필요한 사항은 법률로 정한다.",
4,2021-05-15,10:10:53,경시현,Kor004@naver.com,1234,제3항의 승인을 얻지 못한 때에는 그 처분 또는 명령은 그때부터 효력을 상실한다. 이 경우 그 명령에 의하여 개정 또는 폐지되었던 법률은 그 명령이 승인을 얻지 못한 때부터 당연히 효력을 회복한다. 국무총리 또는 행정각부의 장은 소관사무에 관하여 법률이나 대통령령의 위임 또는 직권으로 총리령 또는 부령을 발할 수 있다.,
5,2021-05-01,10:10:54,공동영,Kor005@naver.com,1234,모든 국민은 법률이 정하는 바에 의하여 국가기관에 문서로 청원할 권리를 가진다. 농업생산성의 제고와 농지의 합리적인 이용을 위하거나 불가피한 사정으로 발생하는 농지의 임대차와 위탁경영은 법률이 정하는 바에 의하여 인정된다. 헌법재판소 재판관은 정당에 가입하거나 정치에 관여할 수 없다.,
6,2021-05-21,10:10:15,기대연,Kor006@naver.com,1234,"국무위원은 국무총리의 제청으로 대통령이 임명한다. 모든 국민은 통신의 비밀을 침해받지 아니한다. 국회는 선전포고, 국군의 외국에의 파견 또는 외국군대의 대한민국 영역안에서의 주류에 대한 동의권을 가진다. 대통령은 법률이 정하는 바에 의하여 훈장 기타의 영전을 수여한다. 국군의 조직과 편성은 법률로 정한다.",
7,2021-05-08,10:10:59,기원호,Kor007@naver.com,1234,행정각부의 설치·조직과 직무범위는 법률로 정한다. 선거와 국민투표의 공정한 관리 및 정당에 관한 사무를 처리하기 위하여 선거관리위원회를 둔다. 각급 선거관리위원회의 조직·직무범위 기타 필요한 사항은 법률로 정한다. 계엄을 선포한 때에는 대통령은 지체없이 국회에 통고하여야 한다. 사면·감형 및 복권에 관한 사항은 법률로 정한다.,
8,2021-05-06,10:10:07,기은성,Kor008@naver.com,1234,"대한민국은 통일을 지향하며, 자유민주적 기본질서에 입각한 평화적 통일 정책을 수립하고 이를 추진한다. 국회의원은 국회에서 직무상 행한 발언과 표결에 관하여 국회외에서 책임을 지지 아니한다. 대통령은 제3항과 제4항의 사유를 지체없이 공포하여야 한다. 탄핵소추의 의결을 받은 자는 탄핵심판이 있을 때까지 그 권한행사가 정지된다.",
9,2021-05-16,10:10:02,나한율,Kor009@naver.com,1234,"대통령이 제1항의 기간내에 공포나 재의의 요구를 하지 아니한 때에도 그 법률안은 법률로서 확정된다. 대법원에 대법관을 둔다. 다만, 법률이 정하는 바에 의하여 대법관이 아닌 법관을 둘 수 있다. 감사원은 원장을 포함한 5인 이상 11인 이하의 감사위원으로 구성한다. 헌법재판소는 법률에 저촉되지 아니하는 범위안에서 심판에 관한 절차, 내부규율과 사무처리에 관한 규칙을 제정할 수 있다.",
10,2021-05-24,10:10:24,남동예,Kor010@naver.com,1234,모든 국민의 재산권은 보장된다. 그 내용과 한계는 법률로 정한다. 국회의원은 현행범인인 경우를 제외하고는 회기중 국회의 동의없이 체포 또는 구금되지 아니한다. 국가는 평생교육을 진흥하여야 한다. 교육의 자주성·전문성·정치적 중립성 및 대학의 자율성은 법률이 정하는 바에 의하여 보장된다. 국회는 정부의 동의없이 정부가 제출한 지출예산 각항의 금액을 증가하거나 새 비목을 설치할 수 없다.,
11,2021-05-25,10:10:44,낭시우,Kor011@naver.com,1234,이 헌법에 의한 최초의 대통령의 임기는 이 헌법시행일로부터 개시한다. 피고인의 자백이 고문·폭행·협박·구속의 부당한 장기화 또는 기망 기타의 방법에 의하여 자의로 진술된 것이 아니라고 인정될 때 또는 정식재판에 있어서 피고인의 자백이 그에게 불리한 유일한 증거일 때에는 이를 유죄의 증거로 삼거나 이를 이유로 처벌할 수 없다.,
12,2021-05-15,10:10:29,내세원,Kor012@naver.com,1234,"모든 국민은 인간으로서의 존엄과 가치를 가지며, 행복을 추구할 권리를 가진다. 국가는 개인이 가지는 불가침의 기본적 인권을 확인하고 이를 보장할 의무를 진다. 정기회의 회기는 100일을, 임시회의 회기는 30일을 초과할 수 없다. 형사피의자 또는 형사피고인으로서 구금되었던 자가 법률이 정하는 불기소처분을 받거나 무죄판결을 받은 때에는 법률이 정하는 바에 의하여 국가에 정당한 보상을 청구할 수 있다.",
13,2021-05-25,10:10:25,임춘,Kor013@naver.com,1234,"대법원에 대법관을 둔다. 다만, 법률이 정하는 바에 의하여 대법관이 아닌 법관을 둘 수 있다. 법원은 최고법원인 대법원과 각급법원으로 조직된다. 나는 헌법을 준수하고 국가를 보위하며 조국의 평화적 통일과 국민의 자유와 복리의 증진 및 민족문화의 창달에 노력하여 대통령으로서의 직책을 성실히 수행할 것을 국민 앞에 엄숙히 선서합니다.",
14,2021-05-26,10:10:03,유관순,Kor014@naver.com,1234,"국가는 주택개발정책등을 통하여 모든 국민이 쾌적한 주거생활을 할 수 있도록 노력하여야 한다. 훈장등의 영전은 이를 받은 자에게만 효력이 있고, 어떠한 특권도 이에 따르지 아니한다. 국토와 자원은 국가의 보호를 받으며, 국가는 그 균형있는 개발과 이용을 위하여 필요한 계획을 수립한다. 지방의회의 조직·권한·의원선거와 지방자치단체의 장의 선임방법 기타 지방자치단체의 조직과 운영에 관한 사항은 법률로 정한다.",
15,2021-05-20,10:10:44,김시습,Kor015@naver.com,1234,"국정의 중요한 사항에 관한 대통령의 자문에 응하기 위하여 국가원로로 구성되는 국가원로자문회의를 둘 수 있다. 국무총리 또는 행정각부의 장은 소관사무에 관하여 법률이나 대통령령의 위임 또는 직권으로 총리령 또는 부령을 발할 수 있다. 모든 국민은 건강하고 쾌적한 환경에서 생활할 권리를 가지며, 국가와 국민은 환경보전을 위하여 노력하여야 한다.",
16,2021-05-23,10:10:56,김시습,Kor016@naver.com,1234,"국가는 농업 및 어업을 보호·육성하기 위하여 농·어촌종합개발과 그 지원등 필요한 계획을 수립·시행하여야 한다. 국회는 국민의 보통·평등·직접·비밀선거에 의하여 선출된 국회의원으로 구성한다. 헌법재판소는 법률에 저촉되지 아니하는 범위안에서 심판에 관한 절차, 내부규율과 사무처리에 관한 규칙을 제정할 수 있다.",
17,2021-05-22,10:10:32,한명회,Kor017@naver.com,1234,국회의원은 현행범인인 경우를 제외하고는 회기중 국회의 동의없이 체포 또는 구금되지 아니한다. 국회에서 의결된 법률안은 정부에 이송되어 15일 이내에 대통령이 공포한다. 대통령이 제1항의 기간내에 공포나 재의의 요구를 하지 아니한 때에도 그 법률안은 법률로서 확정된다. 대통령은 제4항과 제5항의 규정에 의하여 확정된 법률을 지체없이 공포하여야 한다. 제5항에 의하여 법률이 확정된 후 또는 제4항에 의한 확정법률이 정부에 이송된 후 5일 이내에 대통령이 공포하지 아니할 때에는 국회의장이 이를 공포한다.,
18,2021-05-11,10:10:43,홍익한,Kor018@naver.com,1234,"위원은 정당에 가입하거나 정치에 관여할 수 없다. 재의의 요구가 있을 때에는 국회는 재의에 붙이고, 재적의원과반수의 출석과 출석의원 3분의 2 이상의 찬성으로 전과 같은 의결을 하면 그 법률안은 법률로서 확정된다. 국회는 의원의 자격을 심사하며, 의원을 징계할 수 있다. 모든 국민은 법 앞에 평등하다. 누구든지 성별·종교 또는 사회적 신분에 의하여 정치적·경제적·사회적·문화적 생활의 모든 영역에 있어서 차별을 받지 아니한다.",
19,2021-05-04,10:10:17,김정호,Kor019@naver.com,1234,"모든 국민은 법률이 정하는 바에 의하여 선거권을 가진다. 국회는 국정을 감사하거나 특정한 국정사안에 대하여 조사할 수 있으며, 이에 필요한 서류의 제출 또는 증인의 출석과 증언이나 의견의 진술을 요구할 수 있다. 중앙선거관리위원회는 법령의 범위안에서 선거관리·국민투표관리 또는 정당사무에 관한 규칙을 제정할 수 있으며, 법률에 저촉되지 아니하는 범위안에서 내부규율에 관한 규칙을 제정할 수 있다.",
20,2021-05-08,10:10:38,태조,Kor020@naver.com,1234,"국가는 농지에 관하여 경자유전의 원칙이 달성될 수 있도록 노력하여야 하며, 농지의 소작제도는 금지된다. 언론·출판에 대한 허가나 검열과 집회·결사에 대한 허가는 인정되지 아니한다. 대통령은 국가의 독립·영토의 보전·국가의 계속성과 헌법을 수호할 책무를 진다. 제1항의 지시를 받은 당해 행정기관은 이에 응하여야 한다.",
21,2021-05-02,10:10:59,박문수,Kor021@naver.com,1234,"법관은 탄핵 또는 금고 이상의 형의 선고에 의하지 아니하고는 파면되지 아니하며, 징계처분에 의하지 아니하고는 정직·감봉 기타 불리한 처분을 받지 아니한다. 대한민국의 영토는 한반도와 그 부속도서로 한다. 국회의원의 수는 법률로 정하되, 200인 이상으로 한다. 모든 국민은 신속한 재판을 받을 권리를 가진다. 형사피고인은 상당한 이유가 없는 한 지체없이 공개재판을 받을 권리를 가진다.",
22,2021-05-01,10:10:07,태종,Kor022@naver.com,1234,제1항의 해임건의는 국회재적의원 3분의 1 이상의 발의에 의하여 국회재적의원 과반수의 찬성이 있어야 한다. 모든 국민은 법률이 정하는 바에 의하여 공무담임권을 가진다. 법률은 특별한 규정이 없는 한 공포한 날로부터 20일을 경과함으로써 효력을 발생한다. 국무회의는 정부의 권한에 속하는 중요한 정책을 심의한다.,
23,2021-05-18,10:10:52,태종,Kor023@naver.com,1234,"국무총리는 대통령을 보좌하며, 행정에 관하여 대통령의 명을 받아 행정각부를 통할한다. 헌법재판소 재판관은 정당에 가입하거나 정치에 관여할 수 없다. 대통령은 법률안의 일부에 대하여 또는 법률안을 수정하여 재의를 요구할 수 없다. 국회는 정부의 동의없이 정부가 제출한 지출예산 각항의 금액을 증가하거나 새 비목을 설치할 수 없다.",
24,2021-05-22,10:10:59,문종,Kor024@naver.com,1234,"정당의 목적이나 활동이 민주적 기본질서에 위배될 때에는 정부는 헌법재판소에 그 해산을 제소할 수 있고, 정당은 헌법재판소의 심판에 의하여 해산된다. 일반사면을 명하려면 국회의 동의를 얻어야 한다. 공무원의 신분과 정치적 중립성은 법률이 정하는 바에 의하여 보장된다. 국가는 건전한 소비행위를 계도하고 생산품의 품질향상을 촉구하기 위한 소비자보호운동을 법률이 정하는 바에 의하여 보장한다.",
25,2021-05-09,10:10:51,세종,Kor025@naver.com,1234,"법률이 정하는 주요방위산업체에 종사하는 근로자의 단체행동권은 법률이 정하는 바에 의하여 이를 제한하거나 인정하지 아니할 수 있다. 국정감사 및 조사에 관한 절차 기타 필요한 사항은 법률로 정한다. 헌법재판소는 법관의 자격을 가진 9인의 재판관으로 구성하며, 재판관은 대통령이 임명한다. 국회의원의 선거구와 비례대표제 기타 선거에 관한 사항은 법률로 정한다.",
26,2021-05-28,10:10:31,이맹전,Kor026@naver.com,1234,행정권은 대통령을 수반으로 하는 정부에 속한다. 각급 선거관리위원회의 조직·직무범위 기타 필요한 사항은 법률로 정한다. 대법원장은 국회의 동의를 얻어 대통령이 임명한다. 민주평화통일자문회의의 조직·직무범위 기타 필요한 사항은 법률로 정한다. 국회는 국무총리 또는 국무위원의 해임을 대통령에게 건의할 수 있다.,
27,2021-05-10,10:10:35,문무왕,Kor027@naver.com,1234,국회의원은 국회에서 직무상 행한 발언과 표결에 관하여 국회외에서 책임을 지지 아니한다. 대통령이 제1항의 기간내에 공포나 재의의 요구를 하지 아니한 때에도 그 법률안은 법률로서 확정된다. 피고인의 자백이 고문·폭행·협박·구속의 부당한 장기화 또는 기망 기타의 방법에 의하여 자의로 진술된 것이 아니라고 인정될 때 또는 정식재판에 있어서 피고인의 자백이 그에게 불리한 유일한 증거일 때에는 이를 유죄의 증거로 삼거나 이를 이유로 처벌할 수 없다.,
28,2021-05-04,10:10:32,지눌,Kor028@naver.com,1234,"국회의원은 법률이 정하는 직을 겸할 수 없다. 위원은 정당에 가입하거나 정치에 관여할 수 없다. 법률은 특별한 규정이 없는 한 공포한 날로부터 20일을 경과함으로써 효력을 발생한다. 국가는 법률이 정하는 바에 의하여 재외국민을 보호할 의무를 진다. 대법원에 대법관을 둔다. 다만, 법률이 정하는 바에 의하여 대법관이 아닌 법관을 둘 수 있다.",
29,2021-05-25,10:10:19,안창호,Kor029@naver.com,1234,"정기회의 회기는 100일을, 임시회의 회기는 30일을 초과할 수 없다. 공공필요에 의한 재산권의 수용·사용 또는 제한 및 그에 대한 보상은 법률로써 하되, 정당한 보상을 지급하여야 한다. 대한민국은 통일을 지향하며, 자유민주적 기본질서에 입각한 평화적 통일 정책을 수립하고 이를 추진한다. 국회는 선전포고, 국군의 외국에의 파견 또는 외국군대의 대한민국 영역안에서의 주류에 대한 동의권을 가진다.",
30,2021-05-17,10:10:48,정중부,Kor030@naver.com,1234,국가유공자·상이군경 및 전몰군경의 유가족은 법률이 정하는 바에 의하여 우선적으로 근로의 기회를 부여받는다. 군인 또는 군무원이 아닌 국민은 대한민국의 영역안에서는 중대한 군사상 기밀·초병·초소·유독음식물공급·포로·군용물에 관한 죄중 법률이 정한 경우와 비상계엄이 선포된 경우를 제외하고는 군사법원의 재판을 받지 아니한다.,
